City,Lat,Lng,Max Temp,Humidity,Cloudiness,Wind Speed,Country,Date
Ushuaia,-54.8,-68.3,46.06,53,0,13.8,AR,1635648624
Arraial do Cabo,-22.9661,-42.0278,70.47,90,100,16.28,BR,1635648635
Kassala,15.451,36.4,80.35,39,0,6.98,SD,1635648635
Båtsfjord,70.6345,29.7185,36.66,84,99,9.91,NO,1635648635
Salalah,17.0151,54.0924,76.84,61,33,3.8,OM,1635648636
Punta Arenas,-53.15,-70.9167,42.91,70,0,4.61,CL,1635648636
Crowley,30.2141,-92.3746,62.56,90,0,3.42,US,1635648487
Mataura,-46.1927,168.8643,44.92,94,100,11.7,NZ,1635648636
Castro,-24.7911,-50.0119,59.43,97,100,10.67,BR,1635648637
Faanui,-16.4833,-151.75,78.94,66,43,14.63,PF,1635648637
Katsuura,35.1333,140.3,65.1,75,98,8.21,JP,1635648637
Esperance,-33.8667,121.9,78.64,40,2,4.56,AU,1635648638
Hobart,-42.8794,147.3294,62.02,54,75,5.99,AU,1635648565
Namtsy,62.7161,129.6658,-3.89,89,83,6.26,RU,1635648638
Chaoyang,41.5703,120.4586,44.02,57,99,12.17,CN,1635648638
Port Alfred,-33.5906,26.891,63.72,81,58,4.59,ZA,1635648403
Busselton,-33.65,115.3333,69.04,61,98,6.49,AU,1635648575
Yellowknife,62.456,-114.3525,27.41,94,40,9.22,CA,1635648639
Maniitsoq,65.4167,-52.9,35.69,94,100,21.81,GL,1635648639
Avarua,-21.2078,-159.775,77.05,61,20,10.36,CK,1635648639
Ostrovnoy,68.0531,39.5131,34.39,96,100,2.06,RU,1635648640
Algodones,20.3888,-105.4773,72.68,88,9,4.07,MX,1635648640
Broome,42.2506,-75.833,53.37,80,20,1.01,US,1635648640
Tasiilaq,65.6145,-37.6368,18.66,66,100,4.09,GL,1635648640
Evensk,61.95,159.2333,13.53,73,100,10.89,RU,1635648641
Khatanga,71.9667,102.5,5.41,96,100,1.97,RU,1635648641
Muros,42.7762,-9.0603,67.23,91,100,19.69,ES,1635648641
Qaanaaq,77.484,-69.3632,1.13,58,0,7.2,GL,1635648642
Dikson,73.5069,80.5464,6.19,90,94,15.08,RU,1635648562
Lorengau,-2.0226,147.2712,83.79,76,80,7.45,PG,1635648642
Codrington,-38.2667,141.9667,61.45,62,0,8.34,AU,1635648642
Lebu,-37.6167,-73.65,51.39,91,100,9.8,CL,1635648642
Beidao,34.5686,105.8933,54.3,59,100,1.63,CN,1635648643
Lahaina,20.8783,-156.6825,85.24,79,1,5.01,US,1635648643
Bredasdorp,-34.5322,20.0403,59.29,94,39,3.44,ZA,1635648644
Corbeni,45.3,24.65,28.11,79,0,2.84,RO,1635648644
Hofn,64.2539,-15.2082,42.96,64,100,14.72,IS,1635648644
Puerto Ayora,-0.7393,-90.3518,70.57,86,100,8.25,EC,1635648645
Yatou,37.15,122.3833,66.52,57,60,6.17,CN,1635648645
Chapais,49.7834,-74.8492,44.38,80,99,6.13,CA,1635648645
Quryq,43.2,51.65,49.21,73,0,7.58,KZ,1635648645
Changji,44.0167,87.3167,47.19,61,0,2.24,CN,1635648646
Lagoa,39.05,-27.9833,68.59,88,100,13.65,PT,1635648646
New Norfolk,-42.7826,147.0587,61.66,49,100,8.01,AU,1635648646
Margate,51.3813,1.3862,55.31,84,100,1.99,GB,1635648557
Bambous Virieux,-20.3428,57.7575,75.22,94,75,3.44,MU,1635648647
São Filipe,14.8961,-24.4956,79.95,72,100,12.12,CV,1635648647
Drăguşeni,45.9667,27.75,41.16,93,0,2.35,RO,1635648647
Batemans Bay,-35.7167,150.1833,73.2,46,1,10.76,AU,1635648648
Mbeya,-8.9,33.45,60.85,77,41,3.91,TZ,1635648648
Bluff,-46.6,168.3333,49.82,67,100,25.72,NZ,1635648648
Zaragoza,41.6561,-0.8773,61.25,91,20,3.0,ES,1635648648
Korla,41.7597,86.1469,50.88,36,3,5.01,CN,1635648649
Bālāpur,20.6667,76.7667,71.13,56,5,2.55,IN,1635648649
Kushima,31.4583,131.2333,71.11,69,53,10.18,JP,1635648649
Geraldton,-28.7667,114.6,75.61,43,0,11.5,AU,1635648650
Jamestown,42.097,-79.2353,51.08,98,90,0.0,US,1635648534
Carauari,-4.8828,-66.8958,72.99,93,82,3.33,BR,1635648650
Thompson,55.7435,-97.8558,33.96,93,90,6.91,CA,1635648381
Praia da Vitória,38.7333,-27.0667,69.76,94,40,9.89,PT,1635648651
Pasān,22.85,82.2,68.32,52,80,3.33,IN,1635648651
Kānkon,15.0167,74.0167,82.2,73,98,5.01,IN,1635648651
Pisco,-13.7,-76.2167,62.65,88,90,10.36,PE,1635648651
Yulara,-25.2406,130.9889,67.84,64,90,5.75,AU,1635648652
Tuktoyaktuk,69.4541,-133.0374,15.8,100,75,9.22,CA,1635648394
Vila Franca do Campo,37.7167,-25.4333,74.19,95,100,13.67,PT,1635648652
Cape Town,-33.9258,18.4232,61.09,88,0,3.44,ZA,1635648414
Jérémie,18.65,-74.1167,79.18,79,12,2.01,HT,1635648653
Faya,18.3851,42.4509,54.12,63,0,6.17,SA,1635648653
Dongsheng,39.8161,109.9776,37.22,46,0,9.22,CN,1635648653
Abay,49.6311,72.8539,34.18,96,100,23.94,KZ,1635648654
Saint Paul Harbor,57.79,-152.4072,47.71,81,90,27.63,US,1635648440
Mahébourg,-20.4081,57.7,75.25,94,75,3.44,MU,1635648654
Cayenne,4.9333,-52.3333,82.09,81,20,3.0,GF,1635648654
Tabou,4.423,-7.3528,75.47,92,92,4.9,CI,1635648654
Maragogi,-9.0122,-35.2225,76.66,72,19,9.17,BR,1635648655
Thinadhoo,0.5333,72.9333,82.92,76,85,19.73,MV,1635648655
Arawa,-6.2132,155.5367,82.98,76,100,3.76,PG,1635648655
Bolgatanga,10.7856,-0.8514,79.68,54,27,3.91,GH,1635648656
Terrace Bay,48.7834,-87.1,37.02,85,96,5.73,CA,1635648656
Chui,-33.6971,-53.4616,63.81,93,7,8.46,UY,1635648656
Longyearbyen,78.2186,15.6401,18.93,84,86,4.27,SJ,1635648657
Shaunavon,49.6501,-108.4181,24.58,54,0,10.63,CA,1635648657
Oktyabr'skiy,54.4815,53.471,44.38,95,100,7.43,RU,1635648657
Pevek,69.7008,170.3133,-1.37,96,100,9.75,RU,1635648658
Dubbo,-32.25,148.6167,71.73,35,0,12.66,AU,1635648658
Barras,-4.2444,-42.2944,76.64,83,6,6.38,BR,1635648658
Kavaratti,10.5669,72.642,81.84,73,99,2.98,IN,1635648658
Tiksi,71.6872,128.8694,13.53,74,100,13.85,RU,1635648659
Airai,-8.9266,125.4092,77.09,54,69,1.86,TL,1635648659
Cassilândia,-19.1133,-51.7342,71.38,87,97,3.42,BR,1635648659
Buraidah,26.326,43.975,68.45,41,1,7.72,SA,1635648660
Coquimbo,-29.9533,-71.3436,55.13,94,90,5.75,CL,1635648660
Hilo,19.7297,-155.09,80.33,78,75,8.05,US,1635648631
Shingū,33.7333,135.9833,70.79,64,100,9.17,JP,1635648660
Aberdeen,57.1437,-2.0981,43.21,87,16,5.75,GB,1635648661
Cherskiy,68.75,161.3,2.19,97,100,6.31,RU,1635648661
Rikitea,-23.1203,-134.9692,74.57,87,100,20.51,PF,1635648426
Yangi Marg`ilon,40.4272,71.7189,44.02,65,100,4.61,UZ,1635648662
Verkhniy Tagil,57.3733,59.9556,29.01,94,83,4.38,RU,1635648662
George Town,5.4112,100.3354,84.13,76,20,5.99,MY,1635648477
Bonavista,48.6499,-53.1147,39.11,57,0,3.94,CA,1635648650
Nikolskoye,59.7035,30.7861,45.01,94,88,6.71,RU,1635648576
Bongor,10.2806,15.3722,81.28,48,79,5.7,TD,1635648663
Upernavik,72.7868,-56.1549,30.24,71,100,5.48,GL,1635648663
Coahuayana Viejo,18.7333,-103.6833,76.8,89,10,1.39,MX,1635648664
Maceió,-9.6658,-35.7353,76.44,88,20,4.61,BR,1635648664
Severo-Kuril'sk,50.6789,156.125,42.62,82,69,17.83,RU,1635648664
Aripuanã,-9.1667,-60.6333,75.15,84,47,1.03,BR,1635648665
Caravelas,-17.7125,-39.2481,72.0,91,100,5.77,BR,1635648665
Vilhena,-12.7406,-60.1458,72.46,77,55,0.43,BR,1635648665
Poum,-20.2333,164.0167,76.35,71,0,3.0,NC,1635648666
Trivandrum,8.4833,76.9167,80.58,83,40,3.44,IN,1635648666
Torbay,47.6666,-52.7314,39.97,77,1,4.61,CA,1635648666
Hermanus,-34.4187,19.2345,59.9,88,78,8.32,ZA,1635648666
Ribeira Grande,38.5167,-28.7,70.32,91,100,15.97,PT,1635648667
Monte Escobedo,22.3,-103.5833,56.19,52,21,3.2,MX,1635648667
Piaseczno,52.0814,21.024,51.89,80,8,8.01,PL,1635648667
Felanitx,39.4696,3.1483,70.32,78,100,19.15,ES,1635648668
Royan,45.6285,-1.0281,58.86,87,33,12.33,FR,1635648668
Beroroha,-21.6667,45.1667,72.25,76,35,1.07,MG,1635648669
Pekan,3.4836,103.3996,86.11,65,85,4.23,MY,1635648669
Vaini,-21.2,-175.2,80.76,78,20,8.05,TO,1635648397
Pital,2.2665,-75.8044,68.5,91,100,1.77,CO,1635648669
Wanning,18.8003,110.3967,78.58,85,70,9.31,CN,1635648670
Atuona,-9.8,-139.0333,77.99,75,18,12.91,PF,1635648670
Zheleznodorozhnyy,55.7503,38.0042,41.41,78,45,8.77,RU,1635648671
Taoudenni,22.6783,-3.9836,80.04,27,50,9.91,ML,1635648647
Labuhan,-6.8844,112.2051,87.91,63,21,7.36,ID,1635648671
Albany,42.6001,-73.9662,55.74,94,100,3.2,US,1635648671
Simao,22.7886,100.9748,63.25,98,100,1.59,CN,1635648672
North Bend,43.4065,-124.2243,55.17,100,90,4.61,US,1635648672
Carnarvon,-24.8667,113.6333,73.47,56,0,18.41,AU,1635648673
Kesova Gora,57.5836,37.2922,42.62,88,56,11.5,RU,1635648673
Padang,-0.9492,100.3543,80.65,80,99,3.11,ID,1635648553
Moranbah,-22.0016,148.0466,95.65,30,26,9.86,AU,1635648673
Baykit,61.67,96.37,18.48,87,100,11.39,RU,1635648674
Custódia,-8.0875,-37.6431,72.03,66,6,10.02,BR,1635648674
Banda Aceh,5.5577,95.3222,78.22,86,100,8.72,ID,1635648674
Clyde River,70.4692,-68.5914,30.15,97,100,16.28,CA,1635648648
Okhotsk,59.3833,143.3,16.86,65,90,23.31,RU,1635648675
Yenagoa,4.9247,6.2642,76.5,95,100,2.77,NG,1635648675
Richards Bay,-28.783,32.0377,61.07,83,9,6.04,ZA,1635648675
Port Elizabeth,-33.918,25.5701,57.49,100,63,2.3,ZA,1635648675
Ciudad Bolivar,8.1222,-63.5497,76.21,90,100,6.33,VE,1635648676
Sørland,67.667,12.6934,48.51,91,97,14.18,NO,1635648676
Olafsvik,64.8945,-23.7142,40.57,76,54,22.66,IS,1635648676
Kumul,42.8,93.45,54.23,36,100,6.4,CN,1635648677
Beringovskiy,63.05,179.3167,9.93,93,100,18.57,RU,1635648677
Half Moon Bay,37.4636,-122.4286,60.8,85,75,4.61,US,1635648677
Vao,-22.6667,167.4833,72.18,70,65,4.36,NC,1635648678
Port Blair,11.6667,92.75,83.43,75,100,7.38,IN,1635648425
Barrow,71.2906,-156.7887,15.82,86,90,8.05,US,1635648678
Sol'-Iletsk,51.1631,54.9918,36.52,94,76,7.18,RU,1635648678
East London,-33.0153,27.9116,61.92,81,16,4.5,ZA,1635648442
Lac du Bonnet,50.2536,-96.0612,36.88,73,23,7.65,CA,1635648679
Naryan-Mar,67.6713,53.087,16.77,88,98,14.29,RU,1635648679
Iqaluit,63.7506,-68.5145,37.13,74,75,8.01,CA,1635648679
Santa Fe,-31.6333,-60.7,82.0,53,12,1.99,AR,1635648680
Butaritari,3.0707,172.7902,82.58,73,7,5.64,KI,1635648680
Port Macquarie,-31.4333,152.9167,68.9,52,75,9.78,AU,1635648681
Rawson,-43.3002,-65.1023,46.71,69,10,15.55,AR,1635648681
San Patricio,28.017,-97.5169,73.24,41,0,7.31,US,1635648681
Kaifeng,34.7911,114.3483,67.06,46,100,8.75,CN,1635648681
Nieuw Amsterdam,5.8833,-55.0833,80.02,88,99,6.55,SR,1635648682
Mar del Plata,-38.0023,-57.5575,57.09,85,75,5.01,AR,1635648551
Inuvik,68.3499,-133.7218,18.61,86,40,5.75,CA,1635648548
Dhidhdhoo,6.8833,73.1,80.51,80,29,7.49,MV,1635648682
Srikakulam,18.3,83.9,81.16,76,10,6.33,IN,1635648682
Saint-Joseph,-21.3667,55.6167,70.47,77,8,3.56,RE,1635648683
Mount Gambier,-37.8333,140.7667,62.51,51,75,11.5,AU,1635648683
Sorong,-0.8833,131.25,83.82,69,86,6.17,ID,1635648683
Zhigansk,66.7697,123.3711,7.9,86,100,27.47,RU,1635648684
Mirny,62.5353,113.9611,32.9,73,100,15.59,RU,1635648684
Alice Springs,-23.7,133.8833,58.55,94,90,9.22,AU,1635648684
Paamiut,61.994,-49.6678,32.2,92,100,8.01,GL,1635648685
Cockburn Town,21.4612,-71.1419,82.71,61,71,10.47,TC,1635648685
Kenai,60.5544,-151.2583,44.15,81,90,12.66,US,1635648685
Qui Nhon,13.7667,109.2333,80.83,80,34,8.37,VN,1635648686
Wadi Maliz,36.4681,8.5495,61.25,54,87,0.04,TN,1635648686
Fairbanks,64.8378,-147.7164,41.34,62,1,8.05,US,1635648572
São João da Barra,-21.6403,-41.0511,70.79,91,100,7.85,BR,1635648548
Chone,-0.6833,-80.1,73.85,78,72,5.21,EC,1635648686
Cabo San Lucas,22.8909,-109.9124,79.52,76,11,5.01,MX,1635648687
Palatka,29.6486,-81.6376,60.96,78,13,3.38,US,1635648687
Tambopata,-12.7333,-69.1833,77.34,70,26,2.44,PE,1635648687
Tiarei,-17.5333,-149.3333,82.42,72,37,18.66,PF,1635648688
Hanmer Springs,-42.5167,172.8167,56.21,58,28,14.2,NZ,1635648688
Eastlake,41.6539,-81.4504,54.73,95,90,1.01,US,1635648688
Isangel,-19.55,169.2667,86.11,58,53,5.75,VU,1635648689
Saint-Philippe,-21.3585,55.7679,71.47,78,21,3.53,RE,1635648689
Tilichiki,60.4667,166.1,5.36,89,11,10.22,RU,1635648689
Teguise,29.0605,-13.564,62.82,88,0,8.05,ES,1635648690
Kapaa,22.0752,-159.319,79.2,77,90,5.75,US,1635648690
Linares,-35.85,-71.6,60.51,56,100,1.68,CL,1635648690
Bandarbeyla,9.4942,50.8122,78.69,79,97,9.82,SO,1635648690
Kachug,53.9606,105.8817,34.3,60,72,3.69,RU,1635648691
Talcahuano,-36.7167,-73.1167,56.88,77,0,8.05,CL,1635648616
Brae,60.3964,-1.353,49.91,82,100,28.32,GB,1635648691
Andenes,69.3143,16.1194,42.78,93,100,13.8,NO,1635648692
Kulhudhuffushi,6.6221,73.07,80.22,81,17,9.04,MV,1635648692
Chirongui,-12.9319,45.1483,76.93,72,1,8.93,YT,1635648692
Esim,4.8699,-2.2405,78.21,88,90,8.05,GH,1635648693
City of San Pedro,14.35,121.0167,89.31,52,20,10.36,PH,1635648693
Jalu,29.0331,21.5482,67.35,44,38,7.9,LY,1635648693
Pacific Grove,36.6177,-121.9166,60.46,91,90,3.0,US,1635648660
Kirakira,-10.4544,161.9205,86.68,64,23,13.49,SB,1635648694
Adrar,20.5022,-10.0711,78.87,39,100,7.16,MR,1635648694
High Level,58.5169,-117.136,30.31,64,1,3.44,CA,1635648694
Artyom,40.4723,50.333,57.34,72,100,9.35,AZ,1635648694
Heze,35.2431,115.4411,67.44,51,100,5.68,CN,1635648695
Asifābād,19.3667,79.2833,73.53,57,2,5.66,IN,1635648695
Dwārka,22.2394,68.9678,80.11,46,22,4.63,IN,1635648695
Ahipara,-35.1667,173.1667,62.11,71,98,6.22,NZ,1635648696
Along,28.1667,94.7667,72.73,51,8,1.07,IN,1635648696
Bengkulu,-3.8004,102.2655,82.89,75,100,5.14,ID,1635648557
Fare,-16.7,-151.0167,78.26,71,4,16.08,PF,1635648696
Laï,9.3952,16.2989,77.23,59,100,1.59,TD,1635648697
Monrovia,6.3005,-10.7969,76.73,88,100,7.23,LR,1635648643
Baião,-2.7906,-49.6717,75.99,89,61,2.28,BR,1635648697
Amrāvati,20.9333,77.75,71.13,52,10,4.97,IN,1635648502
Morón,-34.6534,-58.6198,74.95,78,4,9.19,AR,1635648697
Ponta do Sol,32.6667,-17.1,70.72,73,69,6.35,PT,1635648698
Naze,28.3667,129.4833,74.32,63,1,7.61,JP,1635648698
San Juan,-31.5375,-68.5364,72.82,48,100,21.56,AR,1635648467
Cody,44.5263,-109.0565,34.25,82,100,3.0,US,1635648698
Paredon,16.0333,-93.8667,78.12,67,32,9.08,MX,1635648699
Ilulissat,69.2167,-51.1,33.78,85,100,11.18,GL,1635648699
Hong Kong,22.2855,114.1577,77.38,78,91,1.99,HK,1635648470
Arman',59.7,150.1667,20.66,43,100,15.05,RU,1635648699
Iberia,29.9502,-91.7507,57.27,94,1,0.0,US,1635648691
Port Lincoln,-34.7333,135.8667,65.66,51,0,8.68,AU,1635648700
Chokurdakh,70.6333,147.9167,-0.47,98,99,6.67,RU,1635648408
Izhma,65.0083,53.9113,22.01,95,100,6.42,RU,1635648700
Saldanha,-33.0117,17.9442,57.25,87,91,7.29,ZA,1635648700
Burnie,-41.0667,145.9167,61.95,54,95,14.56,AU,1635648701
Nur-Sultan,51.1801,71.446,37.35,93,90,17.9,KZ,1635648654
Sittwe,20.15,92.9,81.48,74,3,2.93,MM,1635648701
Norman Wells,65.282,-126.8329,21.24,93,20,6.91,CA,1635648701
Sobolevo,54.4299,31.8996,39.72,91,8,10.25,RU,1635648702
Hithadhoo,-0.6,73.0833,82.6,77,100,20.13,MV,1635648702
Machalí,-34.1833,-70.6667,65.91,42,100,0.51,CL,1635648702
Kahului,20.8947,-156.47,85.26,71,20,10.36,US,1635648702
Narsaq,60.9167,-46.05,25.36,74,34,4.9,GL,1635648703
Erzin,36.9559,36.2,61.32,71,44,6.53,TR,1635648703
Nome,64.5011,-165.4064,17.67,63,1,5.75,US,1635648647
Cairns,-16.9167,145.7667,98.94,60,28,10.36,AU,1635648704
Kautokeino,69.0125,23.0412,23.58,93,96,5.32,NO,1635648704
Hannibal,39.7084,-91.3585,50.95,93,1,0.0,US,1635648704
Horsham,51.064,-0.3272,56.5,90,20,3.44,GB,1635648704
Rocha,-34.4833,-54.3333,64.47,91,70,8.95,UY,1635648705
Hargeisa,9.56,44.065,63.0,89,22,7.29,SO,1635648705
Sitka,57.0531,-135.33,46.29,66,40,5.75,US,1635648705
Kaitangata,-46.2817,169.8464,47.79,93,100,18.72,NZ,1635648706
Nanortalik,60.1432,-45.2371,34.36,74,3,3.09,GL,1635648706
Kysyl-Syr,63.8986,122.7617,17.82,93,100,11.95,RU,1635648706
Venado Tuerto,-33.7456,-61.9688,69.78,43,0,9.57,AR,1635648706
Antofagasta,-23.65,-70.4,60.08,76,25,1.77,CL,1635648598
Havelock,34.8791,-76.9013,58.93,84,3,7.16,US,1635648707
Eilat,29.5581,34.9482,75.04,64,0,6.91,IL,1635648707
Vanderhoof,54.0166,-124.0198,28.11,68,24,1.97,CA,1635648707
Lyuban',52.7985,28.0048,41.45,81,15,10.49,BY,1635648708
Pangnirtung,66.1451,-65.7125,30.58,98,100,8.77,CA,1635648708
Rome,43.2128,-75.4557,55.54,92,90,4.61,US,1635648708
Bakchar,57.0186,82.0711,27.5,52,100,6.58,RU,1635648709
Barabash,43.2,131.4833,53.28,41,19,6.82,RU,1635648709
Voskresenskoye,56.8381,45.4317,44.98,94,94,8.81,RU,1635648710
Paoua,7.2427,16.4406,71.46,76,100,2.13,CF,1635648710
Igrim,63.1906,64.4162,16.65,73,95,3.15,RU,1635648710
Savannah Bight,16.45,-85.85,78.01,59,55,7.4,HN,1635648711
Dawei,14.0833,98.2,85.41,71,86,0.92,MM,1635648711
Tomatlán,19.9333,-105.25,74.44,93,7,2.28,MX,1635648711
Disna,55.568,28.1971,42.84,83,12,9.84,BY,1635648711
Arlit,18.7369,7.3853,79.3,22,0,6.87,NE,1635648712
Pomabamba,-8.8333,-77.4667,52.86,79,67,3.56,PE,1635648712
Kavieng,-2.5744,150.7967,82.83,76,84,12.75,PG,1635648712
Tallinn,59.437,24.7535,41.11,89,20,5.75,EE,1635648713
Ancud,-41.8697,-73.8203,49.53,67,0,4.79,CL,1635648713
Guerrero Negro,27.9769,-114.0611,66.02,85,0,11.56,MX,1635648504
Verkhnyaya Inta,65.9811,60.3094,8.83,91,94,7.14,RU,1635648713
Bathsheba,13.2167,-59.5167,81.21,74,20,18.41,BB,1635648714
Central Point,42.376,-122.9164,57.33,90,75,0.0,US,1635648714
Torquay,50.4638,-3.5143,57.58,41,100,15.01,GB,1635648714
Rāzole,16.4833,81.8333,80.89,83,100,5.86,IN,1635648715
Mafra,-26.1114,-49.8053,62.96,97,100,3.83,BR,1635648715
Trelew,-43.249,-65.3051,45.43,69,2,12.66,AR,1635648555
Vrangel',42.7297,133.0839,57.06,69,8,1.57,RU,1635648715
Leshukonskoye,64.8989,45.7622,35.08,99,100,5.84,RU,1635648716
Hasaki,35.7333,140.8333,62.89,71,85,11.65,JP,1635648716
Portland,45.5234,-122.6762,55.98,40,20,1.99,US,1635648032
Bandundu Province,-3.3167,17.3667,70.47,94,94,3.31,CD,1635648716
Jiwani,25.05,61.7417,81.09,42,0,7.99,PK,1635648717
Diffa,13.3154,12.6113,79.05,24,45,8.95,NE,1635648717
Tautira,-17.7333,-149.15,82.42,73,55,17.05,PF,1635648717
Sayyan,15.1718,44.3244,54.19,81,71,5.7,YE,1635648717
Darnah,32.767,22.6367,66.79,77,52,17.76,LY,1635648718
Aklavik,68.2191,-135.0107,18.32,89,92,9.01,CA,1635648718
Dzilam González,21.2833,-88.9333,70.2,71,7,3.8,MX,1635648718
Zhob,31.3411,69.4481,58.19,21,0,5.77,PK,1635648719
Quelimane,-17.8786,36.8883,68.09,87,0,5.06,MZ,1635648719
Motril,36.7507,-3.5179,70.47,87,6,9.28,ES,1635648719
Honiara,-9.4333,159.95,87.66,64,45,7.49,SB,1635648720
Eureka,40.8021,-124.1637,58.68,93,24,1.01,US,1635648720
Okha,53.5739,142.9478,31.87,57,100,18.16,RU,1635648720
Hamilton,39.1834,-84.5333,54.05,94,90,1.99,US,1635648695
São Félix do Xingu,-6.6447,-51.995,76.48,68,19,0.49,BR,1635648721
Orlik,52.5178,99.825,30.81,57,99,2.95,RU,1635648721
Chicama,-7.8447,-79.1469,64.96,81,94,6.04,PE,1635648722
Ulychne,49.2338,23.6511,37.26,70,0,2.95,UA,1635648722
Watsa,3.0372,29.5355,62.01,98,80,2.15,CD,1635648722
Wairoa,-39.0333,177.3667,72.61,76,100,4.0,NZ,1635648723
Castaños,26.7833,-101.4167,71.02,27,0,7.74,MX,1635648723
Omsukchan,62.5333,155.8,1.83,89,100,7.54,RU,1635648723
Ndélé,8.4109,20.6473,71.51,63,100,2.17,CF,1635648724
Saskylakh,71.9167,114.0833,12.63,94,100,10.67,RU,1635648724
Acarí,-15.4311,-74.6158,67.3,79,91,1.43,PE,1635648724
Haines Junction,60.7522,-137.5108,40.95,52,100,11.5,CA,1635648725
Kailua,21.4022,-157.7394,81.81,73,90,6.91,US,1635648725
Provideniya,64.3833,-173.3,12.74,73,88,11.56,RU,1635648725
Deep River,46.1001,-77.4995,46.94,98,100,3.09,CA,1635648725
Santa Catarina de Tepehuanes,25.35,-105.7333,57.18,67,10,5.82,MX,1635648726
Boysun,38.2061,67.1986,50.65,19,100,4.05,UZ,1635648726
Manaure,11.7751,-72.4445,77.41,88,100,8.88,CO,1635648726
Nālūt,30.3333,10.85,65.5,40,27,5.55,LY,1635648727
Calvinia,-31.4707,19.776,65.34,33,62,4.52,ZA,1635648727
Ottumwa,41.02,-92.4113,47.26,88,1,4.61,US,1635648674
Mossamedes,-15.1961,12.1522,65.17,80,73,5.73,AO,1635648728
Aswān,24.0934,32.907,78.1,31,0,10.36,EG,1635648728
Naberera,-4.2,36.9333,62.51,93,64,5.93,TZ,1635648728
Barranca,-10.75,-77.7667,62.2,84,87,6.71,PE,1635648728
Touros,-5.1989,-35.4608,77.9,75,95,14.29,BR,1635648729
Verkhnevilyuysk,63.4453,120.3167,25.74,92,100,8.46,RU,1635648729
Assaí,-23.3733,-50.8414,75.06,89,100,7.2,BR,1635648729
Martí,22.9475,-80.9203,73.0,71,44,7.0,CU,1635648730
Elko,41.0002,-115.5012,51.82,64,100,7.0,US,1635648730
Dali,25.7,100.1833,63.97,60,38,3.44,CN,1635648730
Tessalit,20.1986,1.0114,79.81,15,61,8.05,ML,1635648731
Mankono,8.0586,-6.1897,72.59,86,79,3.85,CI,1635648731
Boende,-0.2167,20.8667,70.47,99,98,2.57,CD,1635648731
Acapulco de Juárez,16.8634,-99.8901,84.02,74,75,3.44,MX,1635648447
Kruisfontein,-34.0033,24.7314,56.3,90,82,5.77,ZA,1635648732
Santa Isabel Rio Negro,-0.4139,-65.0192,76.24,83,56,1.68,BR,1635648732
Weligama,5.9667,80.4167,81.19,80,27,3.11,LK,1635648732
Prince Rupert,54.3161,-130.3201,46.09,79,100,6.91,CA,1635648455
Alofi,-19.0595,-169.9187,80.49,61,100,10.36,NU,1635648732
Nipawin,53.3668,-104.0009,37.44,65,90,9.22,CA,1635648733
Rabaul,-4.1967,152.1721,86.11,67,97,9.55,PG,1635648610
Prado,-17.3411,-39.2208,72.7,90,100,7.52,BR,1635648733
Marsá Maţrūḩ,31.3525,27.2453,64.6,82,0,5.75,EG,1635648734
Yeppoon,-23.1333,150.7333,91.18,57,48,14.03,AU,1635648636
Pochutla,15.7432,-96.4661,72.82,90,23,3.02,MX,1635648734
Sterling,39.0062,-77.4286,57.38,94,90,0.0,US,1635648677
Sheopur,25.6667,76.7,69.89,51,3,5.48,IN,1635648734
Trelleborg,55.3751,13.1569,53.55,84,99,16.51,SE,1635648735
Bol,13.4586,14.7147,81.54,40,99,11.65,TD,1635648735
Strezhevoy,60.7333,77.5889,6.78,97,96,4.05,RU,1635648735
Masaka,-0.3338,31.7341,60.66,96,86,3.71,UG,1635648736
Baracoa,20.3467,-74.4958,77.61,82,66,4.83,CU,1635648736
Zabid,14.1951,43.3152,81.68,72,76,6.91,YE,1635648736
Hyères,43.1167,6.1167,62.69,89,90,13.8,FR,1635648737
Tura,25.5198,90.2201,73.71,50,0,0.98,IN,1635648567
Maningrida,-12.0667,134.2667,93.15,48,38,12.1,AU,1635648737
Bethel,41.3712,-73.414,57.43,93,90,1.01,US,1635648550
Vardø,70.3705,31.1107,38.79,79,84,12.3,NO,1635648641
Bereda,43.2686,-7.5406,60.42,91,92,8.79,ES,1635648737
Comodoro Rivadavia,-45.8667,-67.5,42.66,87,0,3.44,AR,1635648738
Tateyama,34.9833,139.8667,63.1,87,100,1.79,JP,1635648738
Kataysk,56.289,62.5841,30.36,91,100,4.81,RU,1635648738
San Fernando del Valle de Catamarca,-28.4696,-65.7852,78.58,49,7,12.71,AR,1635648739
Ketchikan,55.3422,-131.6461,37.87,93,1,0.0,US,1635648719
Valparaíso,-33.0393,-71.6273,54.52,93,20,2.3,CL,1635648489
Prachuap Khiri Khan,12.2167,99.75,80.91,86,100,2.35,TH,1635648695
Vestmannaeyjar,63.4427,-20.2734,43.41,75,99,9.06,IS,1635648739
Petropavlovsk-Kamchatskiy,53.0452,158.6483,43.39,61,75,6.71,RU,1635648739
Linhares,-19.3911,-40.0722,70.16,96,100,2.86,BR,1635648740
Tarakan,3.3,117.6333,87.3,74,40,6.91,ID,1635648740
Alta Floresta,-9.8756,-56.0861,74.43,79,89,2.48,BR,1635648671
Cidreira,-30.1811,-50.2056,67.77,88,99,20.85,BR,1635648577
Parkent,41.2944,69.6764,46.22,44,100,1.34,UZ,1635648740
Tuatapere,-46.1333,167.6833,50.25,66,99,15.52,NZ,1635648741
Rincon,32.296,-81.2354,60.85,88,75,9.22,US,1635648691
Mangaratiba,-22.9597,-44.0406,70.03,92,100,3.47,BR,1635648741
Shahjahanpur,27.8833,79.9167,69.94,49,0,2.64,IN,1635648741
Chingirlau,51.095,54.0814,37.4,93,53,7.9,KZ,1635648742
Saint George,37.1041,-113.5841,69.35,46,1,4.0,US,1635648443
Vila Velha,-20.3297,-40.2925,71.55,100,90,2.3,BR,1635648583
Constitución,-35.3333,-72.4167,55.09,83,100,9.91,CL,1635648742
Tamandaré,-8.7597,-35.1047,76.48,73,17,8.28,BR,1635648742
Dinghaicun,26.2847,119.7936,70.72,73,13,14.14,CN,1635648743
Quatre Cocos,-20.2078,57.7625,75.09,77,8,6.26,MU,1635648743
Katrineholm,58.9959,16.2072,46.29,91,100,6.69,SE,1635648743
Klaksvík,62.2266,-6.589,41.92,90,100,8.25,FO,1635648744
Panguna,-6.3164,155.4848,77.74,74,100,3.38,PG,1635648744
Ust'-Barguzin,53.45,108.9833,34.66,48,26,3.56,RU,1635648744
Myskhako,44.6714,37.7433,42.58,81,0,8.41,RU,1635648744
Zyryanka,65.75,150.85,4.3,82,99,2.8,RU,1635648727
Tàrrega,41.647,1.1396,61.88,90,100,0.63,ES,1635648745
Los Andes,-32.8337,-70.5983,70.57,49,11,0.51,CL,1635648745
Alpine,32.835,-116.7664,63.66,77,70,0.65,US,1635648612
Ngunguru,-35.6167,174.5,65.16,64,100,8.97,NZ,1635648745
Sertãozinho,-21.1378,-47.9903,69.91,81,92,2.44,BR,1635648746
Roald,62.5833,6.1333,55.54,58,40,6.91,NO,1635648746
Imbituba,-28.24,-48.6703,68.83,94,100,12.95,BR,1635648746
Camopi,3.1655,-52.3158,72.48,99,100,1.43,GF,1635648747
Pemba,-12.974,40.5178,77.99,78,96,13.04,MZ,1635648747
Deputatsky,69.3,139.9,-6.23,96,98,4.5,RU,1635648720
Shache,38.4167,77.2406,48.33,30,6,5.99,CN,1635648747
Havre-St-Pierre,50.2334,-63.5986,44.6,93,1,3.44,CA,1635648748
Alamosa,37.4695,-105.87,44.11,30,6,1.14,US,1635648748
Cruz,-2.9178,-40.1717,78.71,82,35,8.79,BR,1635648748
Marrakesh,31.6315,-8.0083,60.87,51,0,2.3,MA,1635648704
Menzel Salem,35.8567,8.4765,57.2,46,78,4.21,TN,1635648748
Saint-Augustin,51.226,-58.6502,42.71,59,76,3.53,CA,1635648749
Yumen,40.2833,97.2,45.18,34,92,6.67,CN,1635648749
Uşak Province,38.5,29.4167,50.72,64,100,2.89,TR,1635648749
Fort Abbas,29.1925,72.8536,79.2,17,0,3.58,PK,1635648559
Mulegé,26.8833,-111.9833,74.21,61,0,2.21,MX,1635648523
Morinville,53.8001,-113.652,33.8,60,1,5.75,CA,1635648750
Manicoré,-5.8092,-61.3003,75.76,84,29,1.43,BR,1635648750
Karratha,-20.7377,116.8463,81.1,45,0,14.0,AU,1635648750
Chimbarongo,-34.7,-71.05,65.28,52,100,0.74,CL,1635648751
Lithgow,-33.4833,150.15,64.08,26,1,4.0,AU,1635648751
Flin Flon,54.7682,-101.865,33.04,75,98,10.4,CA,1635648751
Aranda de Duero,41.6704,-3.6892,58.3,83,100,11.68,ES,1635648752
Puquio,-14.7,-74.1333,52.43,72,96,0.96,PE,1635648752
Cristalina,-16.7686,-47.6136,65.97,81,100,2.95,BR,1635648752
Betioky,-23.7167,44.3833,70.74,60,96,3.42,MG,1635648753
Kargasok,59.0556,80.8572,24.13,93,100,5.44,RU,1635648753
Bay City,43.5945,-83.8889,51.94,93,90,0.0,US,1635648753
Rangāpāra,26.8167,92.65,74.21,57,33,5.35,IN,1635648753
Khasan,42.4308,130.6434,56.73,50,13,3.67,RU,1635648754
Waipawa,-41.4122,175.5153,61.43,56,0,18.92,NZ,1635648754
Villanueva,15.3167,-88.0,73.04,73,20,3.44,HN,1635648754
Murmashi,68.8154,32.8115,19.81,100,90,0.0,RU,1635648755
Carnaíba,-8.7,-37.6667,71.35,77,4,10.42,BR,1635648755
Kalmunai,7.4167,81.8167,82.38,76,72,5.32,LK,1635648755
Moyale,3.5167,39.0584,66.07,70,10,7.23,KE,1635648756
Lang Son,21.8333,106.7333,65.75,93,99,3.2,VN,1635648756
Beisfjord,68.3751,17.5988,42.26,96,100,6.24,NO,1635648756
Opuwo,-18.0607,13.84,65.61,23,28,3.78,NA,1635648757
Port Hardy,50.6996,-127.4199,44.6,93,20,6.91,CA,1635648757
Sibolga,1.7427,98.7792,80.13,83,100,2.1,ID,1635648757
Anshun,26.25,105.9333,52.99,88,100,7.61,CN,1635648758
San Quintín,30.4833,-115.95,63.3,85,66,6.22,MX,1635648758
Senno,59.5336,33.9167,38.26,92,100,8.39,RU,1635648758
Mayumba,-3.432,10.6554,76.37,92,100,6.29,GA,1635648759
Canmore,51.0834,-115.3521,20.68,93,2,1.14,CA,1635648759
Emirdağ,39.0197,31.15,45.73,75,57,2.15,TR,1635648759
Yazd,31.8972,54.3675,55.51,41,0,4.61,IR,1635648752
Kroya,-7.6331,109.2461,83.86,74,82,6.44,ID,1635648760
Montes Altos,-5.8333,-47.0667,77.83,67,45,4.79,BR,1635648760
Qaqortoq,60.7167,-46.0333,27.59,75,32,5.82,GL,1635648760
Eirunepé,-6.6603,-69.8736,76.05,82,43,2.33,BR,1635648760
Stornoway,58.2093,-6.3865,49.93,93,46,3.44,GB,1635648761
Kibala,9.1104,18.3463,76.95,83,0,0.0,TD,1635648761
Zella-Mehlis,50.65,10.65,50.56,83,92,6.24,DE,1635648761
San Cristobal,7.7669,-72.225,66.38,99,100,1.03,VE,1635648762
Amboise,47.4125,0.9827,50.54,93,40,6.91,FR,1635648762
Alihe,50.5667,123.7167,36.84,29,3,2.46,CN,1635648762
Boguchany,58.3814,97.4531,26.58,59,100,8.5,RU,1635648762
Oruzgan,32.8333,66.0,50.27,16,0,7.27,AF,1635648763
Kholtoson,50.2981,103.3097,37.44,58,20,3.53,RU,1635648763
Missoula,47.0166,-113.8009,32.4,78,32,4.74,US,1635648763
Lumut,4.2323,100.6298,80.96,89,40,3.44,MY,1635648764
Grindavik,63.8424,-22.4338,39.67,87,0,20.71,IS,1635648764
Mogadishu,2.0371,45.3438,78.53,83,39,13.67,SO,1635648764
Charagua,-19.8,-63.2167,75.0,69,99,3.49,BO,1635648765
Ransang,8.9603,117.5828,84.79,72,100,4.88,PH,1635648765
Gurupá,-1.405,-51.64,74.34,92,56,3.6,BR,1635648766
Klæbu,63.2976,10.4826,53.83,66,100,14.9,NO,1635648766
Palmer,42.1584,-72.3287,58.89,87,90,6.91,US,1635648766
Buta,2.7858,24.73,68.61,99,100,1.25,CD,1635648766
Makakilo City,21.3469,-158.0858,80.35,69,1,13.8,US,1635648767
Quzhou,28.9594,118.8686,69.76,49,26,8.03,CN,1635648767
Palenque/Temp,17.5167,-91.9667,68.68,84,14,1.54,MX,1635648767
Kafue,-15.7691,28.1814,71.87,43,86,3.56,ZM,1635648768
Mīnāb,27.1467,57.0801,67.5,30,5,2.57,IR,1635648768
Bantou,26.2151,117.4893,75.38,61,28,2.64,CN,1635648768
Husavik,66.0449,-17.3389,37.31,97,100,22.26,IS,1635648769
Hohhot,40.8106,111.6522,41.29,38,0,2.24,CN,1635648769
Japura,-0.3167,102.35,89.02,62,10,0.63,ID,1635648769
Marsabit,2.3284,37.9899,65.95,75,56,10.31,KE,1635648770
Kuytun,54.3419,101.5036,34.23,90,100,6.46,RU,1635648770
Talara,-4.5772,-81.2719,65.66,85,45,16.02,PE,1635648770
Kimamba,-6.7833,37.1333,73.2,82,100,4.59,TZ,1635648770
Atar,20.5169,-13.0499,80.04,26,99,4.83,MR,1635648771
Pandamatenga,-18.5278,25.627,71.82,56,16,2.53,BW,1635648771
Miraflores,19.2167,-98.8083,66.02,69,16,2.08,MX,1635648771
Vanavara,60.34,102.2797,22.42,58,18,11.39,RU,1635648772
Pacifica,37.6138,-122.4869,60.53,88,75,3.0,US,1635648772
Manta,-0.95,-80.7333,73.18,83,75,10.36,EC,1635648772
Energetik,51.7445,58.7934,41.85,84,98,15.46,RU,1635648773
Polunochnoye,60.8697,60.4153,14.56,98,94,2.64,RU,1635648773
Muli,2.9167,73.5667,83.34,70,58,17.09,MV,1635648773
Grand Gaube,-20.0064,57.6608,75.38,78,2,3.0,MU,1635648774
Nyrob,60.733,56.7202,28.31,98,100,3.44,RU,1635648774
Te Anau,-45.4167,167.7167,53.31,60,67,6.89,NZ,1635648607
Namatanai,-3.6667,152.4333,83.14,76,100,8.52,PG,1635648774
Baiyin,36.5583,104.2081,45.48,28,8,2.93,CN,1635648775
Moa,20.6569,-74.9403,77.99,82,89,4.94,CU,1635648775
Djibouti,11.5,42.5,72.1,78,73,8.08,DJ,1635648775
Nemuro,43.3236,145.575,55.83,71,86,11.41,JP,1635648776
Sitges,41.2351,1.8119,67.32,89,100,3.06,ES,1635648776
Port Hawkesbury,45.6169,-61.3485,47.79,94,90,4.0,CA,1635648776
Ixtapa,20.7,-105.2,74.25,95,17,1.99,MX,1635648777
Pacayas,9.8071,-84.0476,62.51,94,100,2.71,CR,1635648777
Talnakh,69.4865,88.3972,10.51,96,100,4.99,RU,1635648777
Roebourne,-20.7833,117.1333,81.25,45,0,13.76,AU,1635648777
Tahe,52.3333,124.7333,33.96,27,14,2.57,CN,1635648778
Santa Rosa,14.3122,121.1114,90.09,55,17,16.31,PH,1635648778
Mizdah,31.4451,12.9801,63.3,47,58,7.74,LY,1635648778
Dingle,10.9995,122.6711,83.64,74,87,16.08,PH,1635648779
Dunedin,-45.8742,170.5036,50.49,79,100,24.65,NZ,1635648779
Channel-Port aux Basques,47.5702,-59.1367,46.78,61,2,8.55,CA,1635648779
Laas,46.6166,10.7002,45.48,94,100,2.17,IT,1635648780
Zvishavane,-20.3267,30.0665,67.57,62,7,7.2,ZW,1635648780
Vanino,49.0869,140.2543,37.76,62,100,8.43,RU,1635648780
Gádoros,46.6667,20.6,42.13,77,0,4.32,HU,1635648781
Kasongo,-4.45,26.6667,67.24,97,92,2.64,CD,1635648781
Jaguaruna,-28.615,-49.0256,67.19,90,100,12.08,BR,1635648782
Lat Yao,15.751,99.7893,78.26,88,100,1.21,TH,1635648782
Los Llanos de Aridane,28.6585,-17.9182,62.35,70,0,4.0,ES,1635648783
Fallon,39.4735,-118.7774,63.28,71,1,6.91,US,1635648783
Oranjemund,-28.55,16.4333,59.0,95,21,2.98,NA,1635648783
Northam,51.0333,-4.2167,57.02,86,100,26.37,GB,1635648784
Berlevåg,70.8578,29.0864,37.98,78,99,13.85,NO,1635648784
Leiyang,26.4024,112.8591,60.37,95,100,2.01,CN,1635648784
Kamenka,51.3223,42.7678,38.77,83,6,5.88,RU,1635648785
Pińczów,50.5205,20.5265,48.36,70,1,4.34,PL,1635648785
Morristown,36.214,-83.2949,54.23,75,90,6.91,US,1635648786
Kholmogory,64.2229,41.656,41.11,99,100,6.24,RU,1635648786
Kapoeta,4.7717,33.5903,77.72,57,87,2.35,SS,1635648786
Akivīdu,16.6,81.3833,82.58,83,100,7.16,IN,1635648787
Kariba,-16.5167,28.8,74.77,47,33,5.28,ZW,1635648787
Atessa,42.0693,14.4511,47.28,81,47,2.71,IT,1635648787
Tingo María,-9.2895,-76.0088,72.9,81,38,1.52,PE,1635648787
Terrace,54.5163,-128.6035,39.11,75,75,17.27,CA,1635648572
Lhokseumawe,5.1801,97.1507,80.71,80,100,1.68,ID,1635648788
Port Hedland,-20.3167,118.5667,84.25,51,0,14.97,AU,1635648788
Ambatofinandrahana,-20.55,46.8,61.11,83,11,0.65,MG,1635648788
Staroye Drozhzhanoye,54.7266,47.5677,44.2,95,97,9.62,RU,1635648789
Tegul'det,57.3064,88.1667,27.28,63,100,7.25,RU,1635648789
Pālanpur,24.1667,72.4333,74.61,32,18,3.85,IN,1635648789
Kiryat Gat,31.61,34.7642,74.39,63,98,8.79,IL,1635648691
Boyolangu,-8.1181,111.8935,86.56,64,96,6.06,ID,1635648790
Rancho Palos Verdes,33.7445,-118.387,66.94,90,40,4.0,US,1635648790
Tornio,65.8481,24.1466,41.02,98,94,7.9,FI,1635648791
Ghanzi,-21.5667,21.7833,68.85,23,3,8.25,BW,1635648791
Samarai,-10.6167,150.6667,84.16,76,100,12.86,PG,1635648791
Ola,59.5833,151.2833,20.62,50,100,20.09,RU,1635648792
Fortuna,40.5982,-124.1573,58.42,74,90,1.01,US,1635648715
Fereydūnkenār,36.6864,52.5225,58.84,77,75,5.39,IR,1635648792
Bonthe,7.5264,-12.505,74.37,93,92,4.59,SL,1635648792
Hambantota,6.1241,81.1185,77.34,100,40,3.44,LK,1635648793
Starkville,33.4504,-88.8184,55.06,88,62,4.27,US,1635648793
Salta,-24.7859,-65.4117,71.89,86,0,1.01,AR,1635648793
Killybegs,54.6333,-8.45,48.45,86,100,22.73,IE,1635648793
Poronaysk,49.2167,143.1167,33.85,92,100,9.46,RU,1635648794
Kaniama,-7.5667,24.1833,65.64,97,99,2.89,CD,1635648794
Laguna,38.421,-121.4238,65.64,73,90,3.0,US,1635648795
Asău,46.4333,26.4,35.96,97,1,1.77,RO,1635648795
Nakhabino,55.8514,37.1814,41.09,87,0,11.18,RU,1635648795
Langsa,4.4683,97.9683,75.02,97,100,1.07,ID,1635648795
Sabha,27.0377,14.4283,66.25,33,2,5.91,LY,1635648796
Medianeira,-25.2953,-54.0939,69.51,95,100,6.11,BR,1635648796
Jijiga,9.35,42.8,58.5,82,53,4.68,ET,1635648686
Tual,-5.6667,132.75,83.5,71,65,7.63,ID,1635648796
Ølgod,55.8068,8.6286,51.93,18,56,7.14,DK,1635648797
Meulaboh,4.1363,96.1285,79.0,88,86,12.46,ID,1635648797
Santa Marinella,42.0345,11.8536,61.97,80,100,5.99,IT,1635648797
Jaumave,23.4167,-99.3833,64.96,84,0,2.53,MX,1635648798
Hualmay,-11.0964,-77.6139,63.16,83,97,7.23,PE,1635648798
Lompoc,34.6391,-120.4579,59.56,90,90,0.0,US,1635648693
Granard,53.7667,-7.5,49.17,93,100,21.77,IE,1635648798
Vostok,46.4856,135.8833,45.41,57,74,3.87,RU,1635648799
Katghora,22.5,82.55,71.38,48,85,6.06,IN,1635648799
Taylor,32.3001,-99.8337,68.72,43,1,5.01,US,1635648799
Warrnambool,-38.3833,142.4833,58.93,64,0,7.58,AU,1635648800
Waddān,29.1614,16.139,65.7,40,58,3.76,LY,1635648800
Colesberg,-30.72,25.0972,55.96,59,6,7.02,ZA,1635648800
